threads,throughput
1,2150146.122855
2,1858767.430499
4,2023206.819530
8,1092408.351855
