threads,throughput
1,253188.861170
2,307614.194510
4,286308.565565
8,157381.407593
