domains,throughput
1,6421753.375999
2,9720062.107483
4,10386053.882726
8,9861931.213666
