domains,throughput
1,5896922.406400
2,10340221.384020
4,11126802.934037
8,11016551.207885
