threads,throughput
1,3.56645e+06
2,2.48344e+06
4,2.04113e+06
8,1.00598e+06
12,1.20018e+06
14,1.16535e+06
16,1.20435e+06
18,1.20665e+06
20,824820
