threads,throughput
1,3.37463e+06
2,2.31511e+06
4,2.00309e+06
8,981685
