threads,throughput
1,613158.414090
2,702417.588307
4,635179.647860
8,662944.237454
