threads,throughput
1,628124.897042
2,687696.228848
4,721213.249313
8,695991.060963
