threads,throughput
1,978962.011371
2,1040501.706756
4,1035065.165018
8,959210.823843
