threads,throughput
1,1.10672e+06
2,1.04044e+06
4,782683
8,368771
