threads,throughput
1,286672.603836
2,301307.799456
4,300046.641925
8,148828.013335
