threads,throughput
1,187279.658724
2,225913.904709
4,215412.538525
8,119890.527073
