threads,throughput
1,1.32377e+06
2,1.27353e+06
4,1.3796e+06
8,1.01792e+06
