threads,throughput
1,590999.257430
2,663768.599881
4,664974.333994
8,335293.821986
