threads,throughput
1,326671.402046
2,401723.242899
4,410042.377262
8,244662.911435
